<?xml version="1.0"?>
<OSCOutputGroup>
  <oscMessage>/wek/outputs</oscMessage>
  <hostName>localhost</hostName>
  <outputPort>12000</outputPort>
  <outputs class="linked-list">
    <wekimini.osc.OSCNumericOutput>
      <name>ratio</name>
      <min>0.0</min>
      <max>1.0</max>
      <outputType>REAL</outputType>
      <limitType>SOFT</limitType>
      <trainingDataLimitRestriction>DONT_ENFORCE_LIMITS</trainingDataLimitRestriction>
      <trainingDataIntegerRestriction>DONT_ENFORCE_INTEGER</trainingDataIntegerRestriction>
    </wekimini.osc.OSCNumericOutput>
    <wekimini.osc.OSCNumericOutput>
      <name>depth</name>
      <min>0.0</min>
      <max>1.0</max>
      <outputType>REAL</outputType>
      <limitType>SOFT</limitType>
      <trainingDataLimitRestriction>DONT_ENFORCE_LIMITS</trainingDataLimitRestriction>
      <trainingDataIntegerRestriction>DONT_ENFORCE_INTEGER</trainingDataIntegerRestriction>
    </wekimini.osc.OSCNumericOutput>
    <wekimini.osc.OSCNumericOutput>
      <name>distance</name>
      <min>0.0</min>
      <max>1.0</max>
      <outputType>REAL</outputType>
      <limitType>SOFT</limitType>
      <trainingDataLimitRestriction>DONT_ENFORCE_LIMITS</trainingDataLimitRestriction>
      <trainingDataIntegerRestriction>DONT_ENFORCE_INTEGER</trainingDataIntegerRestriction>
    </wekimini.osc.OSCNumericOutput>
    <wekimini.osc.OSCNumericOutput>
      <name>tune</name>
      <min>0.0</min>
      <max>1.0</max>
      <outputType>REAL</outputType>
      <limitType>SOFT</limitType>
      <trainingDataLimitRestriction>DONT_ENFORCE_LIMITS</trainingDataLimitRestriction>
      <trainingDataIntegerRestriction>DONT_ENFORCE_INTEGER</trainingDataIntegerRestriction>
    </wekimini.osc.OSCNumericOutput>
    <wekimini.osc.OSCNumericOutput>
      <name>zoom</name>
      <min>0.0</min>
      <max>1.0</max>
      <outputType>REAL</outputType>
      <limitType>SOFT</limitType>
      <trainingDataLimitRestriction>DONT_ENFORCE_LIMITS</trainingDataLimitRestriction>
      <trainingDataIntegerRestriction>DONT_ENFORCE_INTEGER</trainingDataIntegerRestriction>
    </wekimini.osc.OSCNumericOutput>
    <wekimini.osc.OSCNumericOutput>
      <name>time</name>
      <min>0.0</min>
      <max>1.0</max>
      <outputType>REAL</outputType>
      <limitType>SOFT</limitType>
      <trainingDataLimitRestriction>DONT_ENFORCE_LIMITS</trainingDataLimitRestriction>
      <trainingDataIntegerRestriction>DONT_ENFORCE_INTEGER</trainingDataIntegerRestriction>
    </wekimini.osc.OSCNumericOutput>
    <wekimini.osc.OSCNumericOutput>
      <name>basis</name>
      <min>0.0</min>
      <max>1.0</max>
      <outputType>REAL</outputType>
      <limitType>SOFT</limitType>
      <trainingDataLimitRestriction>DONT_ENFORCE_LIMITS</trainingDataLimitRestriction>
      <trainingDataIntegerRestriction>DONT_ENFORCE_INTEGER</trainingDataIntegerRestriction>
    </wekimini.osc.OSCNumericOutput>
    <wekimini.osc.OSCNumericOutput>
      <name>c-color</name>
      <min>0.0</min>
      <max>1.0</max>
      <outputType>REAL</outputType>
      <limitType>SOFT</limitType>
      <trainingDataLimitRestriction>DONT_ENFORCE_LIMITS</trainingDataLimitRestriction>
      <trainingDataIntegerRestriction>DONT_ENFORCE_INTEGER</trainingDataIntegerRestriction>
    </wekimini.osc.OSCNumericOutput>
    <wekimini.osc.OSCNumericOutput>
      <name>t-color</name>
      <min>0.0</min>
      <max>1.0</max>
      <outputType>REAL</outputType>
      <limitType>SOFT</limitType>
      <trainingDataLimitRestriction>DONT_ENFORCE_LIMITS</trainingDataLimitRestriction>
      <trainingDataIntegerRestriction>DONT_ENFORCE_INTEGER</trainingDataIntegerRestriction>
    </wekimini.osc.OSCNumericOutput>
    <wekimini.osc.OSCNumericOutput>
      <name>wg-color1</name>
      <min>0.0</min>
      <max>1.0</max>
      <outputType>REAL</outputType>
      <limitType>SOFT</limitType>
      <trainingDataLimitRestriction>DONT_ENFORCE_LIMITS</trainingDataLimitRestriction>
      <trainingDataIntegerRestriction>DONT_ENFORCE_INTEGER</trainingDataIntegerRestriction>
    </wekimini.osc.OSCNumericOutput>
    <wekimini.osc.OSCNumericOutput>
      <name>wg-color2</name>
      <min>0.0</min>
      <max>1.0</max>
      <outputType>REAL</outputType>
      <limitType>SOFT</limitType>
      <trainingDataLimitRestriction>DONT_ENFORCE_LIMITS</trainingDataLimitRestriction>
      <trainingDataIntegerRestriction>DONT_ENFORCE_INTEGER</trainingDataIntegerRestriction>
    </wekimini.osc.OSCNumericOutput>
    <wekimini.osc.OSCNumericOutput>
      <name>draw-m</name>
      <min>0.0</min>
      <max>1.0</max>
      <outputType>REAL</outputType>
      <limitType>SOFT</limitType>
      <trainingDataLimitRestriction>DONT_ENFORCE_LIMITS</trainingDataLimitRestriction>
      <trainingDataIntegerRestriction>DONT_ENFORCE_INTEGER</trainingDataIntegerRestriction>
    </wekimini.osc.OSCNumericOutput>
    <wekimini.osc.OSCNumericOutput>
      <name>shape</name>
      <min>0.0</min>
      <max>1.0</max>
      <outputType>REAL</outputType>
      <limitType>SOFT</limitType>
      <trainingDataLimitRestriction>DONT_ENFORCE_LIMITS</trainingDataLimitRestriction>
      <trainingDataIntegerRestriction>DONT_ENFORCE_INTEGER</trainingDataIntegerRestriction>
    </wekimini.osc.OSCNumericOutput>
  </outputs>
</OSCOutputGroup>